,symboling,normalized-losses,make,num-of-doors,body-style,drive-wheels,engine-location,wheel-base,length,width,height,curb-weight,engine-type,num-of-cylinders,engine-size,fuel-system,bore,stroke,compression-ratio,horsepower,peak-rpm,city-mpg,highway-L/100km,price,horsepower-binned,fuel-type-diesel,fuel-type-gas,aspiration-std,aspiration-turbo,aspiration-std,aspiration-turbo
0,3,122,alfa-romero,two,convertible,rwd,front,88.6,0.41343283582089585,0.32478632478632363,0.08333333333333348,2548,dohc,four,130,mpfi,3.47,2.68,9.0,111,5000.0,11.19047619047619,8.703703703703704,13495.0,Low,False,True,True,False,True,False
1,3,122,alfa-romero,two,convertible,rwd,front,88.6,0.41343283582089585,0.32478632478632363,0.08333333333333348,2548,dohc,four,130,mpfi,3.47,2.68,9.0,111,5000.0,11.19047619047619,8.703703703703704,16500.0,Low,False,True,True,False,True,False
2,1,122,alfa-romero,two,hatchback,rwd,front,94.5,0.4492537313432834,0.44444444444444375,0.3833333333333333,2823,ohcv,six,152,mpfi,2.68,3.47,9.0,154,5000.0,12.368421052631579,9.038461538461538,16500.0,Medium,False,True,True,False,True,False
3,2,164,audi,four,sedan,fwd,front,99.8,0.5298507462686568,0.5042735042735043,0.5416666666666665,2337,ohc,four,109,mpfi,3.19,3.4,10.0,102,5500.0,9.791666666666666,7.833333333333333,13950.0,Low,False,True,True,False,True,False
4,2,164,audi,four,sedan,4wd,front,99.4,0.5298507462686568,0.5213675213675213,0.5416666666666665,2824,ohc,five,136,mpfi,3.19,3.4,8.0,115,5500.0,13.055555555555555,10.681818181818182,17450.0,Low,False,True,True,False,True,False
5,2,122,audi,two,sedan,fwd,front,99.8,0.5402985074626869,0.5128205128205119,0.4416666666666669,2507,ohc,five,136,mpfi,3.19,3.4,8.5,110,5500.0,12.368421052631579,9.4,15250.0,Low,False,True,True,False,True,False
6,1,158,audi,four,sedan,fwd,front,105.8,0.770149253731343,0.9487179487179489,0.6583333333333337,2844,ohc,five,136,mpfi,3.19,3.4,8.5,110,5500.0,12.368421052631579,9.4,17710.0,Low,False,True,True,False,True,False
7,1,122,audi,four,wagon,fwd,front,105.8,0.770149253731343,0.9487179487179489,0.6583333333333337,2954,ohc,five,136,mpfi,3.19,3.4,8.5,110,5500.0,12.368421052631579,9.4,18920.0,Low,False,True,True,False,True,False
8,1,158,audi,four,sedan,fwd,front,105.8,0.770149253731343,0.9487179487179489,0.6750000000000003,3086,ohc,five,131,mpfi,3.13,3.4,8.3,140,5500.0,13.823529411764707,11.75,23875.0,Medium,False,True,False,True,False,True
9,2,192,bmw,two,sedan,rwd,front,101.2,0.5328358208955226,0.38461538461538414,0.5416666666666665,2395,ohc,four,108,mpfi,3.5,2.8,8.8,101,5800.0,10.217391304347826,8.10344827586207,16430.0,Low,False,True,True,False,True,False
10,0,192,bmw,four,sedan,rwd,front,101.2,0.5328358208955226,0.38461538461538414,0.5416666666666665,2395,ohc,four,108,mpfi,3.5,2.8,8.8,101,5800.0,10.217391304347826,8.10344827586207,16925.0,Low,False,True,True,False,True,False
11,0,188,bmw,two,sedan,rwd,front,101.2,0.5328358208955226,0.38461538461538414,0.5416666666666665,2710,ohc,six,164,mpfi,3.31,3.19,9.0,121,4250.0,11.19047619047619,8.392857142857142,20970.0,Medium,False,True,True,False,True,False
12,0,188,bmw,four,sedan,rwd,front,101.2,0.5328358208955226,0.38461538461538414,0.5416666666666665,2765,ohc,six,164,mpfi,3.31,3.19,9.0,121,4250.0,11.19047619047619,8.392857142857142,21105.0,Medium,False,True,True,False,True,False
13,1,122,bmw,four,sedan,rwd,front,103.5,0.7149253731343284,0.5641025641025639,0.6583333333333337,3055,ohc,six,164,mpfi,3.31,3.19,9.0,121,4250.0,11.75,9.4,24565.0,Medium,False,True,True,False,True,False
14,0,122,bmw,four,sedan,rwd,front,103.5,0.7149253731343284,0.5641025641025639,0.6583333333333337,3230,ohc,six,209,mpfi,3.62,3.39,8.0,182,5400.0,14.6875,10.681818181818182,30760.0,Medium,False,True,True,False,True,False
15,0,122,bmw,two,sedan,rwd,front,103.5,0.7865671641791048,0.6495726495726499,0.4916666666666667,3380,ohc,six,209,mpfi,3.62,3.39,8.0,182,5400.0,14.6875,10.681818181818182,41315.0,Medium,False,True,True,False,True,False
16,0,122,bmw,four,sedan,rwd,front,110.0,0.8343283582089551,0.9059829059829063,0.7083333333333335,3505,ohc,six,209,mpfi,3.62,3.39,8.0,182,5400.0,15.666666666666666,11.75,36880.0,Medium,False,True,True,False,True,False
17,2,121,chevrolet,two,hatchback,fwd,front,88.4,0.0,0.0,0.4500000000000006,1488,l,three,61,2bbl,2.91,3.03,9.5,48,5100.0,5.0,4.433962264150943,5151.0,Low,False,True,True,False,True,False
18,1,98,chevrolet,two,hatchback,fwd,front,94.5,0.22089552238805998,0.28205128205128194,0.3500000000000001,1874,ohc,four,90,2bbl,3.03,3.11,9.6,70,5400.0,6.184210526315789,5.465116279069767,6295.0,Low,False,True,True,False,True,False
19,0,81,chevrolet,four,sedan,fwd,front,94.5,0.2641791044776123,0.28205128205128194,0.3500000000000001,1909,ohc,four,90,2bbl,3.03,3.11,9.6,70,5400.0,6.184210526315789,5.465116279069767,6575.0,Low,False,True,True,False,True,False
20,1,118,dodge,two,hatchback,fwd,front,93.7,0.2417910447761198,0.29914529914529897,0.24999999999999956,1876,ohc,four,90,2bbl,2.97,3.23,9.41,68,5500.0,6.351351351351352,5.7317073170731705,5572.0,Low,False,True,True,False,True,False
21,1,118,dodge,two,hatchback,fwd,front,93.7,0.2417910447761198,0.29914529914529897,0.24999999999999956,1876,ohc,four,90,2bbl,2.97,3.23,9.4,68,5500.0,7.580645161290323,6.184210526315789,6377.0,Low,False,True,True,False,True,False
22,1,118,dodge,two,hatchback,fwd,front,93.7,0.2417910447761198,0.29914529914529897,0.24999999999999956,2128,ohc,four,98,mpfi,3.03,3.39,7.6,102,5500.0,9.791666666666666,7.833333333333333,7957.0,Low,False,True,False,True,False,True
23,1,148,dodge,four,hatchback,fwd,front,93.7,0.2417910447761198,0.29914529914529897,0.23333333333333384,1967,ohc,four,90,2bbl,2.97,3.23,9.4,68,5500.0,7.580645161290323,6.184210526315789,6229.0,Low,False,True,True,False,True,False
24,1,148,dodge,four,sedan,fwd,front,93.7,0.2417910447761198,0.29914529914529897,0.23333333333333384,1989,ohc,four,90,2bbl,2.97,3.23,9.4,68,5500.0,7.580645161290323,6.184210526315789,6692.0,Low,False,True,True,False,True,False
25,1,148,dodge,four,sedan,fwd,front,93.7,0.2417910447761198,0.29914529914529897,0.23333333333333384,1989,ohc,four,90,2bbl,2.97,3.23,9.4,68,5500.0,7.580645161290323,6.184210526315789,7609.0,Low,False,True,True,False,True,False
26,1,148,dodge,four,sedan,fwd,front,93.7,0.2417910447761198,0.29914529914529897,0.23333333333333384,2191,ohc,four,98,mpfi,3.03,3.39,7.6,102,5500.0,9.791666666666666,7.833333333333333,8558.0,Low,False,True,False,True,False,True
27,-1,110,dodge,four,wagon,fwd,front,103.3,0.5,0.3675213675213671,0.9999999999999996,2535,ohc,four,122,2bbl,3.34,3.46,8.5,88,5000.0,9.791666666666666,7.833333333333333,8921.0,Low,False,True,True,False,True,False
28,3,145,dodge,two,hatchback,fwd,front,95.9,0.4791044776119402,0.5128205128205119,0.20000000000000062,2811,ohc,four,156,mfi,3.6,3.9,7.0,145,5000.0,12.368421052631579,9.791666666666666,12964.0,Medium,False,True,False,True,False,True
29,2,137,honda,two,hatchback,fwd,front,86.6,0.052238805970149294,0.3076923076923075,0.24999999999999956,1713,ohc,four,92,1bbl,2.91,3.41,9.6,58,4800.0,4.795918367346939,4.351851851851852,6479.0,Low,False,True,True,False,True,False
30,2,137,honda,two,hatchback,fwd,front,86.6,0.052238805970149294,0.3076923076923075,0.24999999999999956,1819,ohc,four,92,1bbl,2.91,3.41,9.2,76,6000.0,7.580645161290323,6.184210526315789,6855.0,Low,False,True,True,False,True,False
31,1,101,honda,two,hatchback,fwd,front,93.7,0.13283582089552226,0.316239316239316,0.3999999999999999,1837,ohc,four,79,1bbl,2.91,3.07,10.1,60,5500.0,6.184210526315789,5.595238095238095,5399.0,Low,False,True,True,False,True,False
32,1,101,honda,two,hatchback,fwd,front,93.7,0.13283582089552226,0.316239316239316,0.3999999999999999,1940,ohc,four,92,1bbl,2.91,3.41,9.2,76,6000.0,7.833333333333333,6.911764705882353,6529.0,Low,False,True,True,False,True,False
33,1,101,honda,two,hatchback,fwd,front,93.7,0.13283582089552226,0.316239316239316,0.3999999999999999,1956,ohc,four,92,1bbl,2.91,3.41,9.2,76,6000.0,7.833333333333333,6.911764705882353,7129.0,Low,False,True,True,False,True,False
34,0,110,honda,four,sedan,fwd,front,96.5,0.33283582089552244,0.316239316239316,0.5583333333333331,2010,ohc,four,92,1bbl,2.91,3.41,9.2,76,6000.0,7.833333333333333,6.911764705882353,7295.0,Low,False,True,True,False,True,False
35,0,78,honda,four,wagon,fwd,front,96.5,0.23880597014925353,0.3076923076923075,0.8749999999999996,2024,ohc,four,92,1bbl,2.92,3.41,9.2,76,6000.0,7.833333333333333,6.911764705882353,7295.0,Low,False,True,True,False,True,False
36,0,106,honda,two,hatchback,fwd,front,96.5,0.39402985074626873,0.4188034188034191,0.4583333333333335,2236,ohc,four,110,1bbl,3.15,3.58,9.0,86,5800.0,8.703703703703704,7.121212121212121,7895.0,Low,False,True,True,False,True,False
37,0,106,honda,two,hatchback,fwd,front,96.5,0.39402985074626873,0.4188034188034191,0.4583333333333335,2289,ohc,four,110,1bbl,3.15,3.58,9.0,86,5800.0,8.703703703703704,7.121212121212121,9095.0,Low,False,True,True,False,True,False
38,0,85,honda,four,sedan,fwd,front,96.5,0.5119402985074628,0.4188034188034191,0.5249999999999999,2304,ohc,four,110,1bbl,3.15,3.58,9.0,86,5800.0,8.703703703703704,7.121212121212121,8845.0,Low,False,True,True,False,True,False
39,0,85,honda,four,sedan,fwd,front,96.5,0.5119402985074628,0.18803418803418825,0.5249999999999999,2372,ohc,four,110,1bbl,3.15,3.58,9.0,86,5800.0,8.703703703703704,7.121212121212121,10295.0,Low,False,True,True,False,True,False
40,0,85,honda,four,sedan,fwd,front,96.5,0.5119402985074628,0.4188034188034191,0.5249999999999999,2465,ohc,four,110,mpfi,3.15,3.58,9.0,101,5800.0,9.791666666666666,8.392857142857142,12945.0,Low,False,True,True,False,True,False
41,1,107,honda,two,sedan,fwd,front,96.5,0.4179104477611939,0.4871794871794872,0.26666666666666705,2293,ohc,four,110,2bbl,3.15,3.58,9.1,100,5500.0,9.4,7.580645161290323,10345.0,Low,False,True,True,False,True,False
42,0,122,isuzu,four,sedan,rwd,front,94.3,0.4417910447761191,0.12820512820512775,0.4750000000000001,2337,ohc,four,111,2bbl,3.31,3.23,8.5,78,4800.0,9.791666666666666,8.10344827586207,6785.0,Low,False,True,True,False,True,False
43,2,122,isuzu,two,hatchback,rwd,front,96.0,0.4701492537313432,0.4188034188034191,0.30000000000000027,2734,ohc,four,119,spfi,3.43,3.23,9.2,90,5000.0,9.791666666666666,8.10344827586207,11048.0,Low,False,True,True,False,True,False
44,0,145,jaguar,four,sedan,rwd,front,113.0,0.8731343283582089,0.7948717948717938,0.4166666666666665,4066,dohc,six,258,mpfi,3.63,4.17,8.1,176,4750.0,15.666666666666666,12.368421052631579,32250.0,Medium,False,True,True,False,True,False
45,0,122,jaguar,four,sedan,rwd,front,113.0,0.8731343283582089,0.7948717948717938,0.4166666666666665,4066,dohc,six,258,mpfi,3.63,4.17,8.1,176,4750.0,15.666666666666666,12.368421052631579,35550.0,Medium,False,True,True,False,True,False
46,0,122,jaguar,two,sedan,rwd,front,102.0,0.7552238805970148,0.8803418803418799,0.0,3950,ohcv,twelve,326,mpfi,3.54,2.76,11.5,262,5000.0,18.076923076923077,13.823529411764707,36000.0,High,False,True,True,False,True,False
47,1,104,mazda,two,hatchback,fwd,front,93.1,0.26865671641791034,0.33333333333333304,0.5249999999999999,1890,ohc,four,91,2bbl,3.03,3.15,9.0,68,5000.0,7.833333333333333,7.580645161290323,5195.0,Low,False,True,True,False,True,False
48,1,104,mazda,two,hatchback,fwd,front,93.1,0.26865671641791034,0.33333333333333304,0.5249999999999999,1900,ohc,four,91,2bbl,3.03,3.15,9.0,68,5000.0,7.580645161290323,6.184210526315789,6095.0,Low,False,True,True,False,True,False
49,1,104,mazda,two,hatchback,fwd,front,93.1,0.26865671641791034,0.33333333333333304,0.5249999999999999,1905,ohc,four,91,2bbl,3.03,3.15,9.0,68,5000.0,7.580645161290323,6.184210526315789,6795.0,Low,False,True,True,False,True,False
50,1,113,mazda,four,sedan,fwd,front,93.1,0.38358208955223905,0.33333333333333304,0.5249999999999999,1945,ohc,four,91,2bbl,3.03,3.15,9.0,68,5000.0,7.580645161290323,6.184210526315789,6695.0,Low,False,True,True,False,True,False
51,1,113,mazda,four,sedan,fwd,front,93.1,0.38358208955223905,0.33333333333333304,0.5249999999999999,1950,ohc,four,91,2bbl,3.08,3.15,9.0,68,5000.0,7.580645161290323,6.184210526315789,7395.0,Low,False,True,True,False,True,False
52,3,150,mazda,two,hatchback,rwd,front,95.3,0.4164179104477612,0.4615384615384617,0.1499999999999999,2380,rotor,two,70,4bbl,3.3297512437810943,3.255422885572139,9.4,101,6000.0,13.823529411764707,10.217391304347826,10945.0,Low,False,True,True,False,True,False
53,3,150,mazda,two,hatchback,rwd,front,95.3,0.4164179104477612,0.4615384615384617,0.1499999999999999,2380,rotor,two,70,4bbl,3.3297512437810943,3.255422885572139,9.4,101,6000.0,13.823529411764707,10.217391304347826,11845.0,Low,False,True,True,False,True,False
54,3,150,mazda,two,hatchback,rwd,front,95.3,0.4164179104477612,0.4615384615384617,0.1499999999999999,2385,rotor,two,70,4bbl,3.3297512437810943,3.255422885572139,9.4,101,6000.0,13.823529411764707,10.217391304347826,13645.0,Low,False,True,True,False,True,False
55,3,150,mazda,two,hatchback,rwd,front,95.3,0.4164179104477612,0.4615384615384617,0.1499999999999999,2500,rotor,two,80,mpfi,3.3297512437810943,3.255422885572139,9.4,135,6000.0,14.6875,10.217391304347826,15645.0,Medium,False,True,True,False,True,False
56,1,129,mazda,two,hatchback,fwd,front,98.8,0.5477611940298508,0.5299145299145298,0.4916666666666667,2385,ohc,four,122,2bbl,3.39,3.39,8.6,84,4800.0,9.038461538461538,7.34375,8845.0,Low,False,True,True,False,True,False
57,0,115,mazda,four,sedan,fwd,front,98.8,0.5477611940298508,0.5299145299145298,0.641666666666667,2410,ohc,four,122,2bbl,3.39,3.39,8.6,84,4800.0,9.038461538461538,7.34375,8495.0,Low,False,True,True,False,True,False
58,1,129,mazda,two,hatchback,fwd,front,98.8,0.5477611940298508,0.5299145299145298,0.4916666666666667,2385,ohc,four,122,2bbl,3.39,3.39,8.6,84,4800.0,9.038461538461538,7.34375,10595.0,Low,False,True,True,False,True,False
59,0,115,mazda,four,sedan,fwd,front,98.8,0.5477611940298508,0.5299145299145298,0.641666666666667,2410,ohc,four,122,2bbl,3.39,3.39,8.6,84,4800.0,9.038461538461538,7.34375,10245.0,Low,False,True,True,False,True,False
60,0,122,mazda,four,sedan,fwd,front,98.8,0.5477611940298508,0.5299145299145298,0.641666666666667,2443,ohc,four,122,idi,3.39,3.39,22.7,64,4650.0,6.527777777777778,5.595238095238095,10795.0,Low,True,False,True,False,True,False
61,0,115,mazda,four,hatchback,fwd,front,98.8,0.5477611940298508,0.5299145299145298,0.641666666666667,2425,ohc,four,122,2bbl,3.39,3.39,8.6,84,4800.0,9.038461538461538,7.34375,11245.0,Low,False,True,True,False,True,False
62,0,118,mazda,four,sedan,rwd,front,104.9,0.5059701492537312,0.49572649572649485,0.5500000000000003,2670,ohc,four,140,mpfi,3.76,3.16,8.0,120,5000.0,12.368421052631579,8.703703703703704,18280.0,Medium,False,True,True,False,True,False
63,0,122,mazda,four,sedan,rwd,front,104.9,0.5059701492537312,0.49572649572649485,0.5500000000000003,2700,ohc,four,134,idi,3.43,3.64,22.0,72,4200.0,7.580645161290323,6.0256410256410255,18344.0,Low,True,False,True,False,True,False
64,-1,93,mercedes-benz,four,sedan,rwd,front,110.0,0.7432835820895525,0.8547008547008543,0.7250000000000001,3515,ohc,five,183,idi,3.58,3.64,21.5,123,4350.0,10.681818181818182,9.4,25552.0,Medium,True,False,False,True,False,True
65,-1,93,mercedes-benz,four,wagon,rwd,front,110.0,0.7432835820895525,0.8547008547008543,0.9083333333333337,3750,ohc,five,183,idi,3.58,3.64,21.5,123,4350.0,10.681818181818182,9.4,28248.0,Medium,True,False,False,True,False,True
66,0,93,mercedes-benz,two,hardtop,rwd,front,106.7,0.6925373134328359,0.8547008547008543,0.5916666666666663,3495,ohc,five,183,idi,3.58,3.64,21.5,123,4350.0,10.681818181818182,9.4,28176.0,Medium,True,False,False,True,False,True
67,-1,93,mercedes-benz,four,sedan,rwd,front,115.6,0.9179104477611939,0.9743589743589745,0.7083333333333335,3770,ohc,five,183,idi,3.58,3.64,21.5,123,4350.0,10.681818181818182,9.4,31600.0,Medium,True,False,False,True,False,True
68,-1,122,mercedes-benz,four,sedan,rwd,front,115.6,0.9179104477611939,0.9743589743589745,0.7250000000000001,3740,ohcv,eight,234,mpfi,3.46,3.1,8.3,155,4750.0,14.6875,13.055555555555555,34184.0,Medium,False,True,True,False,True,False
69,3,142,mercedes-benz,two,convertible,rwd,front,96.6,0.5850746268656719,0.8717948717948714,0.24999999999999956,3685,ohcv,eight,234,mpfi,3.46,3.1,8.3,155,4750.0,14.6875,13.055555555555555,35056.0,Medium,False,True,True,False,True,False
70,0,122,mercedes-benz,four,sedan,rwd,front,120.9,1.0,0.9743589743589745,0.7416666666666667,3900,ohcv,eight,308,mpfi,3.8,3.35,8.0,184,4500.0,16.785714285714285,14.6875,40960.0,Medium,False,True,True,False,True,False
71,1,122,mercedes-benz,two,hardtop,rwd,front,112.0,0.8671641791044773,0.9999999999999991,0.6333333333333333,3715,ohcv,eight,304,mpfi,3.8,3.35,8.0,184,4500.0,16.785714285714285,14.6875,45400.0,Medium,False,True,True,False,True,False
72,1,122,mercury,two,hatchback,rwd,front,102.7,0.5567164179104478,0.6581196581196576,0.5833333333333335,2910,ohc,four,140,mpfi,3.78,3.12,8.0,175,5000.0,12.368421052631579,9.791666666666666,16503.0,Medium,False,True,False,True,False,True
73,2,161,mitsubishi,two,hatchback,fwd,front,93.7,0.2417910447761198,0.35042735042735096,0.24999999999999956,1918,ohc,four,92,2bbl,2.97,3.23,9.4,68,5500.0,6.351351351351352,5.7317073170731705,5389.0,Low,False,True,True,False,True,False
74,2,161,mitsubishi,two,hatchback,fwd,front,93.7,0.2417910447761198,0.35042735042735096,0.24999999999999956,1944,ohc,four,92,2bbl,2.97,3.23,9.4,68,5500.0,7.580645161290323,6.184210526315789,6189.0,Low,False,True,True,False,True,False
75,2,161,mitsubishi,two,hatchback,fwd,front,93.7,0.2417910447761198,0.35042735042735096,0.24999999999999956,2004,ohc,four,92,2bbl,2.97,3.23,9.4,68,5500.0,7.580645161290323,6.184210526315789,6669.0,Low,False,True,True,False,True,False
76,1,161,mitsubishi,two,hatchback,fwd,front,93.0,0.2417910447761198,0.29914529914529897,0.24999999999999956,2145,ohc,four,98,spdi,3.03,3.39,7.6,102,5500.0,9.791666666666666,7.833333333333333,7689.0,Low,False,True,False,True,False,True
77,3,153,mitsubishi,two,hatchback,fwd,front,96.3,0.4761194029850748,0.4358974358974361,0.1333333333333333,2370,ohc,four,110,spdi,3.17,3.46,7.5,116,5500.0,10.217391304347826,7.833333333333333,9959.0,Low,False,True,False,True,False,True
78,3,153,mitsubishi,two,hatchback,fwd,front,96.3,0.4761194029850748,0.4358974358974361,0.1333333333333333,2328,ohc,four,122,2bbl,3.35,3.46,8.5,88,5000.0,9.4,7.34375,8499.0,Low,False,True,True,False,True,False
79,3,122,mitsubishi,two,hatchback,fwd,front,95.9,0.4791044776119402,0.5128205128205119,0.20000000000000062,2833,ohc,four,156,spdi,3.58,3.86,7.0,145,5000.0,12.368421052631579,9.791666666666666,12629.0,Medium,False,True,False,True,False,True
80,3,122,mitsubishi,two,hatchback,fwd,front,95.9,0.4791044776119402,0.5128205128205119,0.20000000000000062,2921,ohc,four,156,spdi,3.59,3.86,7.0,145,5000.0,12.368421052631579,9.791666666666666,14869.0,Medium,False,True,False,True,False,True
81,3,122,mitsubishi,two,hatchback,fwd,front,95.9,0.4791044776119402,0.5128205128205119,0.20000000000000062,2926,ohc,four,156,spdi,3.59,3.86,7.0,145,5000.0,12.368421052631579,9.791666666666666,14489.0,Medium,False,True,False,True,False,True
82,1,125,mitsubishi,four,sedan,fwd,front,96.3,0.46716417910447783,0.4358974358974361,0.3166666666666669,2365,ohc,four,122,2bbl,3.35,3.46,8.5,88,5000.0,9.4,7.34375,6989.0,Low,False,True,True,False,True,False
83,1,125,mitsubishi,four,sedan,fwd,front,96.3,0.46716417910447783,0.4358974358974361,0.3166666666666669,2405,ohc,four,122,2bbl,3.35,3.46,8.5,88,5000.0,9.4,7.34375,8189.0,Low,False,True,True,False,True,False
84,1,125,mitsubishi,four,sedan,fwd,front,96.3,0.46716417910447783,0.4358974358974361,0.3166666666666669,2403,ohc,four,110,spdi,3.17,3.46,7.5,116,5500.0,10.217391304347826,7.833333333333333,9279.0,Low,False,True,False,True,False,True
85,-1,137,mitsubishi,four,sedan,fwd,front,96.3,0.46716417910447783,0.4358974358974361,0.3166666666666669,2403,ohc,four,110,spdi,3.17,3.46,7.5,116,5500.0,10.217391304347826,7.833333333333333,9279.0,Low,False,True,True,False,True,False
86,1,128,nissan,two,sedan,fwd,front,94.5,0.36119402985074656,0.29914529914529897,0.5583333333333331,1889,ohc,four,97,2bbl,3.15,3.29,9.4,69,5200.0,7.580645161290323,6.351351351351352,5499.0,Low,False,True,True,False,True,False
87,1,128,nissan,two,sedan,fwd,front,94.5,0.36119402985074656,0.29914529914529897,0.5583333333333331,2017,ohc,four,103,idi,2.99,3.47,21.9,55,4800.0,5.222222222222222,4.7,7099.0,Low,True,False,True,False,True,False
88,1,128,nissan,two,sedan,fwd,front,94.5,0.36119402985074656,0.29914529914529897,0.5583333333333331,1918,ohc,four,97,2bbl,3.15,3.29,9.4,69,5200.0,7.580645161290323,6.351351351351352,6649.0,Low,False,True,True,False,True,False
89,1,122,nissan,four,sedan,fwd,front,94.5,0.36119402985074656,0.29914529914529897,0.5583333333333331,1938,ohc,four,97,2bbl,3.15,3.29,9.4,69,5200.0,7.580645161290323,6.351351351351352,6849.0,Low,False,True,True,False,True,False
90,1,103,nissan,four,wagon,fwd,front,94.5,0.4343283582089552,0.29914529914529897,0.4750000000000001,2024,ohc,four,97,2bbl,3.15,3.29,9.4,69,5200.0,7.580645161290323,6.351351351351352,7349.0,Low,False,True,True,False,True,False
91,1,128,nissan,two,sedan,fwd,front,94.5,0.36119402985074656,0.29914529914529897,0.5583333333333331,1951,ohc,four,97,2bbl,3.15,3.29,9.4,69,5200.0,7.580645161290323,6.351351351351352,7299.0,Low,False,True,True,False,True,False
92,1,128,nissan,two,hatchback,fwd,front,94.5,0.3656716417910446,0.29914529914529897,0.4583333333333335,2028,ohc,four,97,2bbl,3.15,3.29,9.4,69,5200.0,7.580645161290323,6.351351351351352,7799.0,Low,False,True,True,False,True,False
93,1,122,nissan,four,sedan,fwd,front,94.5,0.36119402985074656,0.29914529914529897,0.5583333333333331,1971,ohc,four,97,2bbl,3.15,3.29,9.4,69,5200.0,7.580645161290323,6.351351351351352,7499.0,Low,False,True,True,False,True,False
94,1,103,nissan,four,wagon,fwd,front,94.5,0.4343283582089552,0.29914529914529897,0.4750000000000001,2037,ohc,four,97,2bbl,3.15,3.29,9.4,69,5200.0,7.580645161290323,6.351351351351352,7999.0,Low,False,True,True,False,True,False
95,2,168,nissan,two,hardtop,fwd,front,95.1,0.31791044776119426,0.29914529914529897,0.4583333333333335,2008,ohc,four,97,2bbl,3.15,3.29,9.4,69,5200.0,7.580645161290323,6.351351351351352,8249.0,Low,False,True,True,False,True,False
96,0,106,nissan,four,hatchback,fwd,front,97.2,0.482089552238806,0.4188034188034191,0.5750000000000006,2324,ohc,four,120,2bbl,3.33,3.47,8.5,97,5200.0,8.703703703703704,6.911764705882353,8949.0,Low,False,True,True,False,True,False
97,0,106,nissan,four,sedan,fwd,front,97.2,0.482089552238806,0.4188034188034191,0.5750000000000006,2302,ohc,four,120,2bbl,3.33,3.47,8.5,97,5200.0,8.703703703703704,6.911764705882353,9549.0,Low,False,True,True,False,True,False
98,0,128,nissan,four,sedan,fwd,front,100.4,0.6059701492537313,0.5299145299145298,0.6083333333333338,3095,ohcv,six,181,mpfi,3.43,3.27,9.0,152,5200.0,13.823529411764707,10.681818181818182,13499.0,Medium,False,True,True,False,True,False
99,0,108,nissan,four,wagon,fwd,front,100.4,0.6492537313432836,0.5299145299145298,0.6916666666666669,3296,ohcv,six,181,mpfi,3.43,3.27,9.0,152,5200.0,13.823529411764707,10.681818181818182,14399.0,Medium,False,True,True,False,True,False
100,0,108,nissan,four,sedan,fwd,front,100.4,0.6492537313432836,0.5299145299145298,0.6083333333333338,3060,ohcv,six,181,mpfi,3.43,3.27,9.0,152,5200.0,12.368421052631579,9.4,13499.0,Medium,False,True,True,False,True,False
101,3,194,nissan,two,hatchback,rwd,front,91.3,0.4417910447761191,0.6495726495726499,0.15833333333333366,3071,ohcv,six,181,mpfi,3.43,3.27,9.0,160,5200.0,12.368421052631579,9.4,17199.0,Medium,False,True,True,False,True,False
102,3,194,nissan,two,hatchback,rwd,front,91.3,0.4417910447761191,0.6495726495726499,0.15833333333333366,3139,ohcv,six,181,mpfi,3.43,3.27,7.8,200,5200.0,13.823529411764707,10.217391304347826,19699.0,High,False,True,False,True,False,True
103,1,231,nissan,two,hatchback,rwd,front,99.2,0.5582089552238805,0.6495726495726499,0.15833333333333366,3139,ohcv,six,181,mpfi,3.43,3.27,9.0,160,5200.0,12.368421052631579,9.4,18399.0,Medium,False,True,True,False,True,False
104,0,161,peugot,four,sedan,rwd,front,107.9,0.6805970149253731,0.6923076923076925,0.7416666666666667,3020,l,four,120,mpfi,3.46,3.19,8.4,97,5000.0,12.368421052631579,9.791666666666666,11900.0,Low,False,True,True,False,True,False
105,0,161,peugot,four,sedan,rwd,front,107.9,0.6805970149253731,0.6923076923076925,0.7416666666666667,3197,l,four,152,idi,3.7,3.52,21.0,95,4150.0,8.392857142857142,7.121212121212121,13200.0,Low,True,False,False,True,False,True
106,0,122,peugot,four,wagon,rwd,front,114.2,0.8626865671641792,0.6923076923076925,0.9083333333333337,3230,l,four,120,mpfi,3.46,3.19,8.4,97,5000.0,12.368421052631579,9.791666666666666,12440.0,Low,False,True,True,False,True,False
107,0,122,peugot,four,wagon,rwd,front,114.2,0.8626865671641792,0.6923076923076925,0.9083333333333337,3430,l,four,152,idi,3.7,3.52,21.0,95,4150.0,9.4,9.4,13860.0,Low,True,False,False,True,False,True
108,0,161,peugot,four,sedan,rwd,front,107.9,0.6805970149253731,0.6923076923076925,0.7416666666666667,3075,l,four,120,mpfi,3.46,2.19,8.4,95,5000.0,12.368421052631579,9.791666666666666,15580.0,Low,False,True,True,False,True,False
109,0,161,peugot,four,sedan,rwd,front,107.9,0.6805970149253731,0.6923076923076925,0.7416666666666667,3252,l,four,152,idi,3.7,3.52,21.0,95,4150.0,8.392857142857142,7.121212121212121,16900.0,Low,True,False,False,True,False,True
110,0,122,peugot,four,wagon,rwd,front,114.2,0.8626865671641792,0.6923076923076925,0.7416666666666667,3285,l,four,120,mpfi,3.46,2.19,8.4,95,5000.0,12.368421052631579,9.791666666666666,16695.0,Low,False,True,True,False,True,False
111,0,122,peugot,four,wagon,rwd,front,114.2,0.8626865671641792,0.6923076923076925,0.9083333333333337,3485,l,four,152,idi,3.7,3.52,21.0,95,4150.0,9.4,9.4,17075.0,Low,True,False,False,True,False,True
112,0,161,peugot,four,sedan,rwd,front,107.9,0.6805970149253731,0.6923076923076925,0.7416666666666667,3075,l,four,120,mpfi,3.46,3.19,8.4,97,5000.0,12.368421052631579,9.791666666666666,16630.0,Low,False,True,True,False,True,False
113,0,161,peugot,four,sedan,rwd,front,107.9,0.6805970149253731,0.6923076923076925,0.7416666666666667,3252,l,four,152,idi,3.7,3.52,21.0,95,4150.0,8.392857142857142,7.121212121212121,17950.0,Low,True,False,False,True,False,True
114,0,161,peugot,four,sedan,rwd,front,108.0,0.6805970149253731,0.6837606837606831,0.6833333333333331,3130,l,four,134,mpfi,3.61,3.21,7.0,142,5600.0,13.055555555555555,9.791666666666666,18150.0,Medium,False,True,False,True,False,True
115,1,119,plymouth,two,hatchback,fwd,front,93.7,0.2417910447761198,0.29914529914529897,0.24999999999999956,1918,ohc,four,90,2bbl,2.97,3.23,9.4,68,5500.0,6.351351351351352,5.7317073170731705,5572.0,Low,False,True,True,False,True,False
116,1,119,plymouth,two,hatchback,fwd,front,93.7,0.2417910447761198,0.29914529914529897,0.24999999999999956,2128,ohc,four,98,spdi,3.03,3.39,7.6,102,5500.0,9.791666666666666,7.833333333333333,7957.0,Low,False,True,False,True,False,True
117,1,154,plymouth,four,hatchback,fwd,front,93.7,0.2417910447761198,0.29914529914529897,0.23333333333333384,1967,ohc,four,90,2bbl,2.97,3.23,9.4,68,5500.0,7.580645161290323,6.184210526315789,6229.0,Low,False,True,True,False,True,False
118,1,154,plymouth,four,sedan,fwd,front,93.7,0.39104477611940336,0.29914529914529897,0.24999999999999956,1989,ohc,four,90,2bbl,2.97,3.23,9.4,68,5500.0,7.580645161290323,6.184210526315789,6692.0,Low,False,True,True,False,True,False
119,1,154,plymouth,four,sedan,fwd,front,93.7,0.39104477611940336,0.29914529914529897,0.24999999999999956,2191,ohc,four,98,2bbl,2.97,3.23,9.4,68,5500.0,7.580645161290323,6.184210526315789,7609.0,Low,False,True,True,False,True,False
120,-1,74,plymouth,four,wagon,fwd,front,103.3,0.5,0.3675213675213671,0.9999999999999996,2535,ohc,four,122,2bbl,3.35,3.46,8.5,88,5000.0,9.791666666666666,7.833333333333333,8921.0,Low,False,True,True,False,True,False
121,3,122,plymouth,two,hatchback,rwd,front,95.9,0.4791044776119402,0.5128205128205119,0.20000000000000062,2818,ohc,four,156,spdi,3.59,3.86,7.0,145,5000.0,12.368421052631579,9.791666666666666,12764.0,Medium,False,True,False,True,False,True
122,3,186,porsche,two,hatchback,rwd,front,94.5,0.41492537313432853,0.6837606837606831,0.20000000000000062,2778,ohc,four,151,mpfi,3.94,3.11,9.5,143,5500.0,12.368421052631579,8.703703703703704,22018.0,Medium,False,True,True,False,True,False
123,3,122,porsche,two,hardtop,rwd,rear,89.5,0.41492537313432853,0.40170940170940117,0.3166666666666669,2756,ohcf,six,194,mpfi,3.74,2.9,9.5,207,5900.0,13.823529411764707,9.4,32528.0,High,False,True,True,False,True,False
124,3,122,porsche,two,hardtop,rwd,rear,89.5,0.41492537313432853,0.40170940170940117,0.3166666666666669,2756,ohcf,six,194,mpfi,3.74,2.9,9.5,207,5900.0,13.823529411764707,9.4,34028.0,High,False,True,True,False,True,False
125,3,122,porsche,two,convertible,rwd,rear,89.5,0.41492537313432853,0.40170940170940117,0.3166666666666669,2800,ohcf,six,194,mpfi,3.74,2.9,9.5,207,5900.0,13.823529411764707,9.4,37028.0,High,False,True,True,False,True,False
126,0,122,renault,four,wagon,fwd,front,96.1,0.6029850746268659,0.5299145299145298,0.6166666666666667,2579,ohc,four,132,mpfi,3.46,3.9,8.7,104,5125.369458128079,10.217391304347826,7.580645161290323,9295.0,Low,False,True,True,False,True,False
127,2,122,renault,two,hatchback,fwd,front,96.1,0.5328358208955226,0.5384615384615374,0.2250000000000001,2460,ohc,four,132,mpfi,3.46,3.9,8.7,104,5125.369458128079,10.217391304347826,7.580645161290323,9895.0,Low,False,True,True,False,True,False
128,3,150,saab,two,hatchback,fwd,front,99.1,0.6791044776119404,0.5299145299145298,0.6916666666666669,2658,ohc,four,121,mpfi,3.54,3.07,9.31,110,5250.0,11.19047619047619,8.392857142857142,11850.0,Low,False,True,True,False,True,False
129,2,104,saab,four,sedan,fwd,front,99.1,0.6791044776119404,0.5299145299145298,0.6916666666666669,2695,ohc,four,121,mpfi,3.54,3.07,9.3,110,5250.0,11.19047619047619,8.392857142857142,12170.0,Low,False,True,True,False,True,False
130,3,150,saab,two,hatchback,fwd,front,99.1,0.6791044776119404,0.5299145299145298,0.6916666666666669,2707,ohc,four,121,mpfi,2.54,2.07,9.3,110,5250.0,11.19047619047619,8.392857142857142,15040.0,Low,False,True,True,False,True,False
131,2,104,saab,four,sedan,fwd,front,99.1,0.6791044776119404,0.5299145299145298,0.6916666666666669,2758,ohc,four,121,mpfi,3.54,3.07,9.3,110,5250.0,11.19047619047619,8.392857142857142,15510.0,Low,False,True,True,False,True,False
132,3,150,saab,two,hatchback,fwd,front,99.1,0.6791044776119404,0.5299145299145298,0.6916666666666669,2808,dohc,four,121,mpfi,3.54,3.07,9.0,160,5500.0,12.368421052631579,9.038461538461538,18150.0,Medium,False,True,False,True,False,True
133,2,104,saab,four,sedan,fwd,front,99.1,0.6791044776119404,0.5299145299145298,0.6916666666666669,2847,dohc,four,121,mpfi,3.54,3.07,9.0,160,5500.0,12.368421052631579,9.038461538461538,18620.0,Medium,False,True,False,True,False,True
134,2,83,subaru,two,hatchback,fwd,front,93.7,0.23582089552238816,0.2649572649572649,0.4916666666666667,2050,ohcf,four,97,2bbl,3.62,2.36,9.0,69,4900.0,7.580645161290323,6.527777777777778,5118.0,Low,False,True,True,False,True,False
135,2,83,subaru,two,hatchback,fwd,front,93.7,0.25074626865671634,0.28205128205128194,0.4916666666666667,2120,ohcf,four,108,2bbl,3.62,2.64,8.7,73,4400.0,9.038461538461538,7.580645161290323,7053.0,Low,False,True,True,False,True,False
136,2,83,subaru,two,hatchback,4wd,front,93.3,0.2417910447761198,0.29914529914529897,0.6583333333333337,2240,ohcf,four,108,2bbl,3.62,2.64,8.7,73,4400.0,9.038461538461538,7.580645161290323,7603.0,Low,False,True,True,False,True,False
137,0,102,subaru,four,sedan,fwd,front,97.2,0.4611940298507462,0.4358974358974361,0.39166666666666705,2145,ohcf,four,108,2bbl,3.62,2.64,9.5,82,4800.0,7.34375,6.351351351351352,7126.0,Low,False,True,True,False,True,False
138,0,102,subaru,four,sedan,fwd,front,97.2,0.4611940298507462,0.4358974358974361,0.39166666666666705,2190,ohcf,four,108,2bbl,3.62,2.64,9.5,82,4400.0,8.392857142857142,7.121212121212121,7775.0,Low,False,True,True,False,True,False
139,0,102,subaru,four,sedan,fwd,front,97.2,0.4611940298507462,0.4358974358974361,0.39166666666666705,2340,ohcf,four,108,mpfi,3.62,2.64,9.0,94,5200.0,9.038461538461538,7.34375,9960.0,Low,False,True,True,False,True,False
140,0,102,subaru,four,sedan,4wd,front,97.0,0.4611940298507462,0.4358974358974361,0.5416666666666665,2385,ohcf,four,108,2bbl,3.62,2.64,9.0,82,4800.0,9.791666666666666,9.4,9233.0,Low,False,True,True,False,True,False
141,0,102,subaru,four,sedan,4wd,front,97.0,0.4611940298507462,0.4358974358974361,0.5416666666666665,2510,ohcf,four,108,mpfi,3.62,2.64,7.7,111,4800.0,9.791666666666666,8.10344827586207,11259.0,Low,False,True,False,True,False,True
142,0,89,subaru,four,wagon,fwd,front,97.0,0.4835820895522387,0.4358974358974361,0.4333333333333331,2290,ohcf,four,108,2bbl,3.62,2.64,9.0,82,4800.0,8.392857142857142,7.34375,7463.0,Low,False,True,True,False,True,False
143,0,89,subaru,four,wagon,fwd,front,97.0,0.4835820895522387,0.4358974358974361,0.4333333333333331,2455,ohcf,four,108,mpfi,3.62,2.64,9.0,94,5200.0,9.4,7.580645161290323,10198.0,Low,False,True,True,False,True,False
144,0,85,subaru,four,wagon,4wd,front,96.9,0.4850746268656714,0.4358974358974361,0.5916666666666663,2420,ohcf,four,108,2bbl,3.62,2.64,9.0,82,4800.0,10.217391304347826,8.10344827586207,8013.0,Low,False,True,True,False,True,False
145,0,85,subaru,four,wagon,4wd,front,96.9,0.4850746268656714,0.4358974358974361,0.5916666666666663,2650,ohcf,four,108,mpfi,3.62,2.64,7.7,111,4800.0,10.217391304347826,10.217391304347826,11694.0,Low,False,True,False,True,False,True
146,1,87,toyota,two,hatchback,fwd,front,95.7,0.26268656716417915,0.28205128205128194,0.5583333333333331,1985,ohc,four,92,2bbl,3.05,3.03,9.0,62,4800.0,6.714285714285714,6.0256410256410255,5348.0,Low,False,True,True,False,True,False
147,1,87,toyota,two,hatchback,fwd,front,95.7,0.26268656716417915,0.28205128205128194,0.5583333333333331,2040,ohc,four,92,2bbl,3.05,3.03,9.0,62,4800.0,7.580645161290323,6.184210526315789,6338.0,Low,False,True,True,False,True,False
148,1,74,toyota,four,hatchback,fwd,front,95.7,0.26268656716417915,0.28205128205128194,0.5583333333333331,2015,ohc,four,92,2bbl,3.05,3.03,9.0,62,4800.0,7.580645161290323,6.184210526315789,6488.0,Low,False,True,True,False,True,False
149,0,77,toyota,four,wagon,fwd,front,95.7,0.4268656716417909,0.28205128205128194,0.9416666666666669,2280,ohc,four,92,2bbl,3.05,3.03,9.0,62,4800.0,7.580645161290323,6.351351351351352,6918.0,Low,False,True,True,False,True,False
150,0,81,toyota,four,wagon,4wd,front,95.7,0.4268656716417909,0.28205128205128194,0.9416666666666669,2290,ohc,four,92,2bbl,3.05,3.03,9.0,62,4800.0,8.703703703703704,7.34375,7898.0,Low,False,True,True,False,True,False
151,0,91,toyota,four,wagon,4wd,front,95.7,0.4268656716417909,0.28205128205128194,0.9416666666666669,3110,ohc,four,92,2bbl,3.05,3.03,9.0,62,4800.0,8.703703703703704,7.34375,8778.0,Low,False,True,True,False,True,False
152,0,91,toyota,four,sedan,fwd,front,95.7,0.37611940298507474,0.35042735042735096,0.4333333333333331,2081,ohc,four,98,2bbl,3.19,3.03,9.0,70,4800.0,7.833333333333333,6.351351351351352,6938.0,Low,False,True,True,False,True,False
153,0,91,toyota,four,hatchback,fwd,front,95.7,0.37611940298507474,0.35042735042735096,0.4166666666666665,2109,ohc,four,98,2bbl,3.19,3.03,9.0,70,4800.0,7.833333333333333,6.351351351351352,7198.0,Low,False,True,True,False,True,False
154,0,91,toyota,four,sedan,fwd,front,95.7,0.37611940298507474,0.35042735042735096,0.4333333333333331,2275,ohc,four,110,idi,3.27,3.35,22.5,56,4500.0,6.911764705882353,6.527777777777778,7898.0,Low,True,False,True,False,True,False
155,0,91,toyota,four,hatchback,fwd,front,95.7,0.37611940298507474,0.35042735042735096,0.4166666666666665,2275,ohc,four,110,idi,3.27,3.35,22.5,56,4500.0,6.184210526315789,5.0,7788.0,Low,True,False,True,False,True,False
156,0,91,toyota,four,sedan,fwd,front,95.7,0.37611940298507474,0.35042735042735096,0.4333333333333331,2094,ohc,four,98,2bbl,3.19,3.03,9.0,70,4800.0,6.184210526315789,5.0,7738.0,Low,False,True,True,False,True,False
157,0,91,toyota,four,hatchback,fwd,front,95.7,0.37611940298507474,0.35042735042735096,0.4166666666666665,2122,ohc,four,98,2bbl,3.19,3.03,9.0,70,4800.0,8.392857142857142,6.911764705882353,8358.0,Low,False,True,True,False,True,False
158,0,91,toyota,four,sedan,fwd,front,95.7,0.37611940298507474,0.35042735042735096,0.4166666666666665,2140,ohc,four,98,2bbl,3.19,3.03,9.0,70,4800.0,8.392857142857142,6.911764705882353,9258.0,Low,False,True,True,False,True,False
159,1,168,toyota,two,sedan,rwd,front,94.5,0.4119402985074627,0.316239316239316,0.3999999999999999,2169,ohc,four,98,2bbl,3.19,3.03,9.0,70,4800.0,8.10344827586207,6.911764705882353,8058.0,Low,False,True,True,False,True,False
160,1,168,toyota,two,hatchback,rwd,front,94.5,0.4119402985074627,0.316239316239316,0.3999999999999999,2204,ohc,four,98,2bbl,3.19,3.03,9.0,70,4800.0,8.10344827586207,6.911764705882353,8238.0,Low,False,True,True,False,True,False
161,1,168,toyota,two,sedan,rwd,front,94.5,0.4119402985074627,0.316239316239316,0.3999999999999999,2265,dohc,four,98,mpfi,3.24,3.08,9.4,112,6600.0,9.038461538461538,8.10344827586207,9298.0,Low,False,True,True,False,True,False
162,1,168,toyota,two,hatchback,rwd,front,94.5,0.4119402985074627,0.316239316239316,0.3999999999999999,2300,dohc,four,98,mpfi,3.24,3.08,9.4,112,6600.0,9.038461538461538,8.10344827586207,9538.0,Low,False,True,True,False,True,False
163,2,134,toyota,two,hardtop,rwd,front,98.4,0.5238805970149252,0.45299145299145227,0.3500000000000001,2540,ohc,four,146,mpfi,3.62,3.5,9.3,116,4800.0,9.791666666666666,7.833333333333333,8449.0,Low,False,True,True,False,True,False
164,2,134,toyota,two,hardtop,rwd,front,98.4,0.5238805970149252,0.45299145299145227,0.3500000000000001,2536,ohc,four,146,mpfi,3.62,3.5,9.3,116,4800.0,9.791666666666666,7.833333333333333,9639.0,Low,False,True,True,False,True,False
165,2,134,toyota,two,hatchback,rwd,front,98.4,0.5238805970149252,0.45299145299145227,0.3500000000000001,2551,ohc,four,146,mpfi,3.62,3.5,9.3,116,4800.0,9.791666666666666,7.833333333333333,9989.0,Low,False,True,True,False,True,False
166,2,134,toyota,two,hardtop,rwd,front,98.4,0.5238805970149252,0.45299145299145227,0.3500000000000001,2679,ohc,four,146,mpfi,3.62,3.5,9.3,116,4800.0,9.791666666666666,7.833333333333333,11199.0,Low,False,True,True,False,True,False
167,2,134,toyota,two,hatchback,rwd,front,98.4,0.5238805970149252,0.45299145299145227,0.3500000000000001,2714,ohc,four,146,mpfi,3.62,3.5,9.3,116,4800.0,9.791666666666666,7.833333333333333,11549.0,Low,False,True,True,False,True,False
168,2,134,toyota,two,convertible,rwd,front,98.4,0.5238805970149252,0.45299145299145227,0.4333333333333331,2975,ohc,four,146,mpfi,3.62,3.5,9.3,116,4800.0,9.791666666666666,7.833333333333333,17669.0,Low,False,True,True,False,True,False
169,-1,65,toyota,four,sedan,fwd,front,102.4,0.5149253731343282,0.5299145299145298,0.5916666666666663,2326,ohc,four,122,mpfi,3.31,3.54,8.7,92,4200.0,8.10344827586207,6.911764705882353,8948.0,Low,False,True,True,False,True,False
170,-1,65,toyota,four,sedan,fwd,front,102.4,0.5149253731343282,0.5299145299145298,0.5916666666666663,2480,ohc,four,110,idi,3.27,3.35,22.5,73,4500.0,7.833333333333333,7.121212121212121,10698.0,Low,True,False,False,True,False,True
171,-1,65,toyota,four,hatchback,fwd,front,102.4,0.5149253731343282,0.5299145299145298,0.5083333333333333,2414,ohc,four,122,mpfi,3.31,3.54,8.7,92,4200.0,8.703703703703704,7.34375,9988.0,Low,False,True,True,False,True,False
172,-1,65,toyota,four,sedan,fwd,front,102.4,0.5149253731343282,0.5299145299145298,0.5916666666666663,2414,ohc,four,122,mpfi,3.31,3.54,8.7,92,4200.0,8.703703703703704,7.34375,10898.0,Low,False,True,True,False,True,False
173,-1,65,toyota,four,hatchback,fwd,front,102.4,0.5149253731343282,0.5299145299145298,0.5083333333333333,2458,ohc,four,122,mpfi,3.31,3.54,8.7,92,4200.0,8.703703703703704,7.34375,11248.0,Low,False,True,True,False,True,False
174,3,197,toyota,two,hatchback,rwd,front,102.9,0.6328358208955223,0.632478632478632,0.3500000000000001,2976,dohc,six,171,mpfi,3.27,3.35,9.3,161,5200.0,11.75,9.791666666666666,16558.0,Medium,False,True,True,False,True,False
175,3,197,toyota,two,hatchback,rwd,front,102.9,0.6328358208955223,0.632478632478632,0.3500000000000001,3016,dohc,six,171,mpfi,3.27,3.35,9.3,161,5200.0,12.368421052631579,9.791666666666666,15998.0,Medium,False,True,True,False,True,False
176,-1,90,toyota,four,sedan,rwd,front,104.5,0.6970149253731344,0.5299145299145298,0.5249999999999999,3131,dohc,six,171,mpfi,3.27,3.35,9.2,156,5200.0,11.75,9.791666666666666,15690.0,Medium,False,True,True,False,True,False
177,-1,122,toyota,four,wagon,rwd,front,104.5,0.6970149253731344,0.5299145299145298,0.5249999999999999,3151,dohc,six,161,mpfi,3.27,3.35,9.2,156,5200.0,12.368421052631579,9.791666666666666,15750.0,Medium,False,True,True,False,True,False
178,2,122,volkswagen,two,sedan,fwd,front,97.3,0.4567164179104477,0.44444444444444375,0.6583333333333337,2261,ohc,four,97,idi,3.01,3.4,23.0,52,4800.0,6.351351351351352,5.108695652173913,7775.0,Low,True,False,True,False,True,False
179,2,122,volkswagen,two,sedan,fwd,front,97.3,0.4567164179104477,0.44444444444444375,0.6583333333333337,2209,ohc,four,109,mpfi,3.19,3.4,9.0,85,5250.0,8.703703703703704,6.911764705882353,7975.0,Low,False,True,True,False,True,False
180,2,94,volkswagen,four,sedan,fwd,front,97.3,0.4567164179104477,0.44444444444444375,0.6583333333333337,2264,ohc,four,97,idi,3.01,3.4,23.0,52,4800.0,6.351351351351352,5.108695652173913,7995.0,Low,True,False,True,False,True,False
181,2,94,volkswagen,four,sedan,fwd,front,97.3,0.4567164179104477,0.44444444444444375,0.6583333333333337,2212,ohc,four,109,mpfi,3.19,3.4,9.0,85,5250.0,8.703703703703704,6.911764705882353,8195.0,Low,False,True,True,False,True,False
182,2,94,volkswagen,four,sedan,fwd,front,97.3,0.4567164179104477,0.44444444444444375,0.6583333333333337,2275,ohc,four,109,mpfi,3.19,3.4,9.0,85,5250.0,8.703703703703704,6.911764705882353,8495.0,Low,False,True,True,False,True,False
183,2,94,volkswagen,four,sedan,fwd,front,97.3,0.4567164179104477,0.44444444444444375,0.6583333333333337,2319,ohc,four,97,idi,3.01,3.4,23.0,68,4500.0,6.351351351351352,5.595238095238095,9495.0,Low,True,False,False,True,False,True
184,2,94,volkswagen,four,sedan,fwd,front,97.3,0.4567164179104477,0.44444444444444375,0.6583333333333337,2300,ohc,four,109,mpfi,3.19,3.4,10.0,100,5500.0,9.038461538461538,7.34375,9995.0,Low,False,True,True,False,True,False
185,3,122,volkswagen,two,convertible,fwd,front,94.5,0.27164179104477615,0.33333333333333304,0.6499999999999999,2254,ohc,four,109,mpfi,3.19,3.4,8.5,90,5500.0,9.791666666666666,8.10344827586207,11595.0,Low,False,True,True,False,True,False
186,3,256,volkswagen,two,hatchback,fwd,front,94.5,0.3671641791044773,0.316239316239316,0.30000000000000027,2221,ohc,four,109,mpfi,3.19,3.4,8.5,90,5500.0,9.791666666666666,8.10344827586207,9980.0,Low,False,True,True,False,True,False
187,0,122,volkswagen,four,sedan,fwd,front,100.4,0.5835820895522388,0.5641025641025639,0.6083333333333338,2661,ohc,five,136,mpfi,3.19,3.4,8.5,110,5500.0,12.368421052631579,9.791666666666666,13295.0,Low,False,True,True,False,True,False
188,0,122,volkswagen,four,sedan,fwd,front,100.4,0.5835820895522388,0.5641025641025639,0.6083333333333338,2579,ohc,four,97,idi,3.01,3.4,23.0,68,4500.0,7.121212121212121,6.184210526315789,13845.0,Low,True,False,False,True,False,True
189,0,122,volkswagen,four,wagon,fwd,front,100.4,0.6268656716417911,0.5641025641025639,0.6083333333333338,2563,ohc,four,109,mpfi,3.19,3.4,9.0,88,5500.0,9.4,7.580645161290323,12290.0,Low,False,True,True,False,True,False
190,-2,103,volvo,four,sedan,rwd,front,104.3,0.711940298507463,0.5897435897435894,0.7000000000000006,2912,ohc,four,141,mpfi,3.78,3.15,9.5,114,5400.0,10.217391304347826,8.392857142857142,12940.0,Low,False,True,True,False,True,False
191,-1,74,volvo,four,wagon,rwd,front,104.3,0.711940298507463,0.5897435897435894,0.8083333333333331,3034,ohc,four,141,mpfi,3.78,3.15,9.5,114,5400.0,10.217391304347826,8.392857142857142,13415.0,Low,False,True,True,False,True,False
192,-2,103,volvo,four,sedan,rwd,front,104.3,0.711940298507463,0.5897435897435894,0.7000000000000006,2935,ohc,four,141,mpfi,3.78,3.15,9.5,114,5400.0,9.791666666666666,8.392857142857142,15985.0,Low,False,True,True,False,True,False
193,-1,74,volvo,four,wagon,rwd,front,104.3,0.711940298507463,0.5897435897435894,0.8083333333333331,3042,ohc,four,141,mpfi,3.78,3.15,9.5,114,5400.0,9.791666666666666,8.392857142857142,16515.0,Low,False,True,True,False,True,False
194,-2,103,volvo,four,sedan,rwd,front,104.3,0.711940298507463,0.5897435897435894,0.7000000000000006,3045,ohc,four,130,mpfi,3.62,3.15,7.5,162,5100.0,13.823529411764707,10.681818181818182,18420.0,Medium,False,True,False,True,False,True
195,-1,74,volvo,four,wagon,rwd,front,104.3,0.711940298507463,0.5897435897435894,0.8083333333333331,3157,ohc,four,130,mpfi,3.62,3.15,7.5,162,5100.0,13.823529411764707,10.681818181818182,18950.0,Medium,False,True,False,True,False,True
196,-1,95,volvo,four,sedan,rwd,front,109.1,0.711940298507463,0.7350427350427351,0.641666666666667,2952,ohc,four,141,mpfi,3.78,3.15,9.5,114,5400.0,10.217391304347826,8.392857142857142,16845.0,Low,False,True,True,False,True,False
197,-1,95,volvo,four,sedan,rwd,front,109.1,0.711940298507463,0.7264957264957257,0.641666666666667,3049,ohc,four,141,mpfi,3.78,3.15,8.7,160,5300.0,12.368421052631579,9.4,19045.0,Medium,False,True,False,True,False,True
198,-1,95,volvo,four,sedan,rwd,front,109.1,0.711940298507463,0.7350427350427351,0.641666666666667,3012,ohcv,six,173,mpfi,3.58,2.87,8.8,134,5500.0,13.055555555555555,10.217391304347826,21485.0,Medium,False,True,True,False,True,False
199,-1,95,volvo,four,sedan,rwd,front,109.1,0.711940298507463,0.7350427350427351,0.641666666666667,3217,ohc,six,145,idi,3.01,3.4,23.0,106,4800.0,9.038461538461538,8.703703703703704,22470.0,Low,True,False,False,True,False,True
200,-1,95,volvo,four,sedan,rwd,front,109.1,0.711940298507463,0.7350427350427351,0.641666666666667,3062,ohc,four,141,mpfi,3.78,3.15,9.5,114,5400.0,12.368421052631579,9.4,22625.0,Low,False,True,False,True,False,True
